Percobaan,Model,Accuracy,Precision,Recall,F1-Score
ANN Percobaan baseline smote,ANN,0.8519058023792182,0.8294626571219503,0.8566322017449298,0.8380707488566662
ANN Percobaan normalisasi Smote,ANN,0.870721048798252,0.84946796480323,0.8688014639095633,0.8549820986708465
ANN Percobaan pca 7 Smote,ANN,0.7828356397183782,0.7698410988382641,0.7980325679093039,0.7720285422140947
ANN Percobaan pca 6 smote,ANN,0.7801650886137412,0.7675384761380369,0.7912298104061483,0.7680189040964628
